--
-- PostgreSQL database dump
--

-- Dumped from database version 15.3
-- Dumped by pg_dump version 15.3

SET statement_timeout = 0;
SET lock_timeout = 0;
SET idle_in_transaction_session_timeout = 0;
SET client_encoding = 'UTF8';
SET standard_conforming_strings = on;
SELECT pg_catalog.set_config('search_path', '', false);
SET check_function_bodies = false;
SET xmloption = content;
SET client_min_messages = warning;
SET row_security = off;

SET default_tablespace = '';

SET default_table_access_method = heap;

--
-- Name: accounts_user_details; Type: TABLE; Schema: public; Owner: postgres
--

CREATE TABLE public.accounts_user_details (
    id bigint NOT NULL,
    password character varying(128) NOT NULL,
    last_login timestamp with time zone,
    is_superuser boolean NOT NULL,
    username character varying(150) NOT NULL,
    first_name character varying(150) NOT NULL,
    last_name character varying(150) NOT NULL,
    email character varying(254) NOT NULL,
    is_staff boolean NOT NULL,
    is_active boolean NOT NULL,
    date_joined timestamp with time zone NOT NULL,
    phone_number character varying(50) NOT NULL,
    is_verified boolean NOT NULL
);


ALTER TABLE public.accounts_user_details OWNER TO postgres;

--
-- Name: accounts_user_details_groups; Type: TABLE; Schema: public; Owner: postgres
--

CREATE TABLE public.accounts_user_details_groups (
    id bigint NOT NULL,
    user_details_id bigint NOT NULL,
    group_id integer NOT NULL
);


ALTER TABLE public.accounts_user_details_groups OWNER TO postgres;

--
-- Name: accounts_user_details_groups_id_seq; Type: SEQUENCE; Schema: public; Owner: postgres
--

ALTER TABLE public.accounts_user_details_groups ALTER COLUMN id ADD GENERATED BY DEFAULT AS IDENTITY (
    SEQUENCE NAME public.accounts_user_details_groups_id_seq
    START WITH 1
    INCREMENT BY 1
    NO MINVALUE
    NO MAXVALUE
    CACHE 1
);


--
-- Name: accounts_user_details_id_seq; Type: SEQUENCE; Schema: public; Owner: postgres
--

ALTER TABLE public.accounts_user_details ALTER COLUMN id ADD GENERATED BY DEFAULT AS IDENTITY (
    SEQUENCE NAME public.accounts_user_details_id_seq
    START WITH 1
    INCREMENT BY 1
    NO MINVALUE
    NO MAXVALUE
    CACHE 1
);


--
-- Name: accounts_user_details_user_permissions; Type: TABLE; Schema: public; Owner: postgres
--

CREATE TABLE public.accounts_user_details_user_permissions (
    id bigint NOT NULL,
    user_details_id bigint NOT NULL,
    permission_id integer NOT NULL
);


ALTER TABLE public.accounts_user_details_user_permissions OWNER TO postgres;

--
-- Name: accounts_user_details_user_permissions_id_seq; Type: SEQUENCE; Schema: public; Owner: postgres
--

ALTER TABLE public.accounts_user_details_user_permissions ALTER COLUMN id ADD GENERATED BY DEFAULT AS IDENTITY (
    SEQUENCE NAME public.accounts_user_details_user_permissions_id_seq
    START WITH 1
    INCREMENT BY 1
    NO MINVALUE
    NO MAXVALUE
    CACHE 1
);


--
-- Name: admin_side_book; Type: TABLE; Schema: public; Owner: postgres
--

CREATE TABLE public.admin_side_book (
    id bigint NOT NULL,
    title character varying(200) NOT NULL,
    author character varying(100) NOT NULL,
    description text NOT NULL,
    price numeric(10,2) NOT NULL,
    category_id bigint,
    cover_image character varying(100),
    featured boolean NOT NULL,
    stock integer NOT NULL,
    back_image character varying(100),
    CONSTRAINT admin_side_book_stock_check CHECK ((stock >= 0))
);


ALTER TABLE public.admin_side_book OWNER TO postgres;

--
-- Name: admin_side_book_id_seq; Type: SEQUENCE; Schema: public; Owner: postgres
--

ALTER TABLE public.admin_side_book ALTER COLUMN id ADD GENERATED BY DEFAULT AS IDENTITY (
    SEQUENCE NAME public.admin_side_book_id_seq
    START WITH 1
    INCREMENT BY 1
    NO MINVALUE
    NO MAXVALUE
    CACHE 1
);


--
-- Name: admin_side_category; Type: TABLE; Schema: public; Owner: postgres
--

CREATE TABLE public.admin_side_category (
    id bigint NOT NULL,
    name character varying(100) NOT NULL
);


ALTER TABLE public.admin_side_category OWNER TO postgres;

--
-- Name: admin_side_category_id_seq; Type: SEQUENCE; Schema: public; Owner: postgres
--

ALTER TABLE public.admin_side_category ALTER COLUMN id ADD GENERATED BY DEFAULT AS IDENTITY (
    SEQUENCE NAME public.admin_side_category_id_seq
    START WITH 1
    INCREMENT BY 1
    NO MINVALUE
    NO MAXVALUE
    CACHE 1
);


--
-- Name: admin_side_coupon; Type: TABLE; Schema: public; Owner: postgres
--

CREATE TABLE public.admin_side_coupon (
    id bigint NOT NULL,
    coupon_code character varying(10) NOT NULL,
    description text NOT NULL,
    minimum_amount integer NOT NULL,
    discount_type character varying(20) NOT NULL,
    discount numeric(5,2) NOT NULL,
    valid_from timestamp with time zone NOT NULL,
    valid_to timestamp with time zone NOT NULL,
    active boolean NOT NULL
);


ALTER TABLE public.admin_side_coupon OWNER TO postgres;

--
-- Name: admin_side_coupon_id_seq; Type: SEQUENCE; Schema: public; Owner: postgres
--

ALTER TABLE public.admin_side_coupon ALTER COLUMN id ADD GENERATED BY DEFAULT AS IDENTITY (
    SEQUENCE NAME public.admin_side_coupon_id_seq
    START WITH 1
    INCREMENT BY 1
    NO MINVALUE
    NO MAXVALUE
    CACHE 1
);


--
-- Name: admin_side_order_status; Type: TABLE; Schema: public; Owner: postgres
--

CREATE TABLE public.admin_side_order_status (
    id bigint NOT NULL,
    order_status character varying(100) NOT NULL
);


ALTER TABLE public.admin_side_order_status OWNER TO postgres;

--
-- Name: admin_side_order_status_id_seq; Type: SEQUENCE; Schema: public; Owner: postgres
--

ALTER TABLE public.admin_side_order_status ALTER COLUMN id ADD GENERATED BY DEFAULT AS IDENTITY (
    SEQUENCE NAME public.admin_side_order_status_id_seq
    START WITH 1
    INCREMENT BY 1
    NO MINVALUE
    NO MAXVALUE
    CACHE 1
);


--
-- Name: auth_group; Type: TABLE; Schema: public; Owner: postgres
--

CREATE TABLE public.auth_group (
    id integer NOT NULL,
    name character varying(150) NOT NULL
);


ALTER TABLE public.auth_group OWNER TO postgres;

--
-- Name: auth_group_id_seq; Type: SEQUENCE; Schema: public; Owner: postgres
--

ALTER TABLE public.auth_group ALTER COLUMN id ADD GENERATED BY DEFAULT AS IDENTITY (
    SEQUENCE NAME public.auth_group_id_seq
    START WITH 1
    INCREMENT BY 1
    NO MINVALUE
    NO MAXVALUE
    CACHE 1
);


--
-- Name: auth_group_permissions; Type: TABLE; Schema: public; Owner: postgres
--

CREATE TABLE public.auth_group_permissions (
    id bigint NOT NULL,
    group_id integer NOT NULL,
    permission_id integer NOT NULL
);


ALTER TABLE public.auth_group_permissions OWNER TO postgres;

--
-- Name: auth_group_permissions_id_seq; Type: SEQUENCE; Schema: public; Owner: postgres
--

ALTER TABLE public.auth_group_permissions ALTER COLUMN id ADD GENERATED BY DEFAULT AS IDENTITY (
    SEQUENCE NAME public.auth_group_permissions_id_seq
    START WITH 1
    INCREMENT BY 1
    NO MINVALUE
    NO MAXVALUE
    CACHE 1
);


--
-- Name: auth_permission; Type: TABLE; Schema: public; Owner: postgres
--

CREATE TABLE public.auth_permission (
    id integer NOT NULL,
    name character varying(255) NOT NULL,
    content_type_id integer NOT NULL,
    codename character varying(100) NOT NULL
);


ALTER TABLE public.auth_permission OWNER TO postgres;

--
-- Name: auth_permission_id_seq; Type: SEQUENCE; Schema: public; Owner: postgres
--

ALTER TABLE public.auth_permission ALTER COLUMN id ADD GENERATED BY DEFAULT AS IDENTITY (
    SEQUENCE NAME public.auth_permission_id_seq
    START WITH 1
    INCREMENT BY 1
    NO MINVALUE
    NO MAXVALUE
    CACHE 1
);


--
-- Name: auth_user; Type: TABLE; Schema: public; Owner: postgres
--

CREATE TABLE public.auth_user (
    id integer NOT NULL,
    password character varying(128) NOT NULL,
    last_login timestamp with time zone,
    is_superuser boolean NOT NULL,
    username character varying(150) NOT NULL,
    first_name character varying(150) NOT NULL,
    last_name character varying(150) NOT NULL,
    email character varying(254) NOT NULL,
    is_staff boolean NOT NULL,
    is_active boolean NOT NULL,
    date_joined timestamp with time zone NOT NULL
);


ALTER TABLE public.auth_user OWNER TO postgres;

--
-- Name: auth_user_groups; Type: TABLE; Schema: public; Owner: postgres
--

CREATE TABLE public.auth_user_groups (
    id bigint NOT NULL,
    user_id integer NOT NULL,
    group_id integer NOT NULL
);


ALTER TABLE public.auth_user_groups OWNER TO postgres;

--
-- Name: auth_user_groups_id_seq; Type: SEQUENCE; Schema: public; Owner: postgres
--

ALTER TABLE public.auth_user_groups ALTER COLUMN id ADD GENERATED BY DEFAULT AS IDENTITY (
    SEQUENCE NAME public.auth_user_groups_id_seq
    START WITH 1
    INCREMENT BY 1
    NO MINVALUE
    NO MAXVALUE
    CACHE 1
);


--
-- Name: auth_user_id_seq; Type: SEQUENCE; Schema: public; Owner: postgres
--

ALTER TABLE public.auth_user ALTER COLUMN id ADD GENERATED BY DEFAULT AS IDENTITY (
    SEQUENCE NAME public.auth_user_id_seq
    START WITH 1
    INCREMENT BY 1
    NO MINVALUE
    NO MAXVALUE
    CACHE 1
);


--
-- Name: auth_user_user_permissions; Type: TABLE; Schema: public; Owner: postgres
--

CREATE TABLE public.auth_user_user_permissions (
    id bigint NOT NULL,
    user_id integer NOT NULL,
    permission_id integer NOT NULL
);


ALTER TABLE public.auth_user_user_permissions OWNER TO postgres;

--
-- Name: auth_user_user_permissions_id_seq; Type: SEQUENCE; Schema: public; Owner: postgres
--

ALTER TABLE public.auth_user_user_permissions ALTER COLUMN id ADD GENERATED BY DEFAULT AS IDENTITY (
    SEQUENCE NAME public.auth_user_user_permissions_id_seq
    START WITH 1
    INCREMENT BY 1
    NO MINVALUE
    NO MAXVALUE
    CACHE 1
);


--
-- Name: django_admin_log; Type: TABLE; Schema: public; Owner: postgres
--

CREATE TABLE public.django_admin_log (
    id integer NOT NULL,
    action_time timestamp with time zone NOT NULL,
    object_id text,
    object_repr character varying(200) NOT NULL,
    action_flag smallint NOT NULL,
    change_message text NOT NULL,
    content_type_id integer,
    user_id integer NOT NULL,
    CONSTRAINT django_admin_log_action_flag_check CHECK ((action_flag >= 0))
);


ALTER TABLE public.django_admin_log OWNER TO postgres;

--
-- Name: django_admin_log_id_seq; Type: SEQUENCE; Schema: public; Owner: postgres
--

ALTER TABLE public.django_admin_log ALTER COLUMN id ADD GENERATED BY DEFAULT AS IDENTITY (
    SEQUENCE NAME public.django_admin_log_id_seq
    START WITH 1
    INCREMENT BY 1
    NO MINVALUE
    NO MAXVALUE
    CACHE 1
);


--
-- Name: django_content_type; Type: TABLE; Schema: public; Owner: postgres
--

CREATE TABLE public.django_content_type (
    id integer NOT NULL,
    app_label character varying(100) NOT NULL,
    model character varying(100) NOT NULL
);


ALTER TABLE public.django_content_type OWNER TO postgres;

--
-- Name: django_content_type_id_seq; Type: SEQUENCE; Schema: public; Owner: postgres
--

ALTER TABLE public.django_content_type ALTER COLUMN id ADD GENERATED BY DEFAULT AS IDENTITY (
    SEQUENCE NAME public.django_content_type_id_seq
    START WITH 1
    INCREMENT BY 1
    NO MINVALUE
    NO MAXVALUE
    CACHE 1
);


--
-- Name: django_migrations; Type: TABLE; Schema: public; Owner: postgres
--

CREATE TABLE public.django_migrations (
    id bigint NOT NULL,
    app character varying(255) NOT NULL,
    name character varying(255) NOT NULL,
    applied timestamp with time zone NOT NULL
);


ALTER TABLE public.django_migrations OWNER TO postgres;

--
-- Name: django_migrations_id_seq; Type: SEQUENCE; Schema: public; Owner: postgres
--

ALTER TABLE public.django_migrations ALTER COLUMN id ADD GENERATED BY DEFAULT AS IDENTITY (
    SEQUENCE NAME public.django_migrations_id_seq
    START WITH 1
    INCREMENT BY 1
    NO MINVALUE
    NO MAXVALUE
    CACHE 1
);


--
-- Name: django_session; Type: TABLE; Schema: public; Owner: postgres
--

CREATE TABLE public.django_session (
    session_key character varying(40) NOT NULL,
    session_data text NOT NULL,
    expire_date timestamp with time zone NOT NULL
);


ALTER TABLE public.django_session OWNER TO postgres;

--
-- Name: userapp_address; Type: TABLE; Schema: public; Owner: postgres
--

CREATE TABLE public.userapp_address (
    id bigint NOT NULL,
    street character varying(100) NOT NULL,
    city character varying(50) NOT NULL,
    state character varying(50) NOT NULL,
    postal_code character varying(10) NOT NULL,
    user_id bigint NOT NULL
);


ALTER TABLE public.userapp_address OWNER TO postgres;

--
-- Name: userapp_address_id_seq; Type: SEQUENCE; Schema: public; Owner: postgres
--

ALTER TABLE public.userapp_address ALTER COLUMN id ADD GENERATED BY DEFAULT AS IDENTITY (
    SEQUENCE NAME public.userapp_address_id_seq
    START WITH 1
    INCREMENT BY 1
    NO MINVALUE
    NO MAXVALUE
    CACHE 1
);


--
-- Name: userapp_cart; Type: TABLE; Schema: public; Owner: postgres
--

CREATE TABLE public.userapp_cart (
    id bigint NOT NULL,
    user_id bigint NOT NULL
);


ALTER TABLE public.userapp_cart OWNER TO postgres;

--
-- Name: userapp_cart_id_seq; Type: SEQUENCE; Schema: public; Owner: postgres
--

ALTER TABLE public.userapp_cart ALTER COLUMN id ADD GENERATED BY DEFAULT AS IDENTITY (
    SEQUENCE NAME public.userapp_cart_id_seq
    START WITH 1
    INCREMENT BY 1
    NO MINVALUE
    NO MAXVALUE
    CACHE 1
);


--
-- Name: userapp_cartitem; Type: TABLE; Schema: public; Owner: postgres
--

CREATE TABLE public.userapp_cartitem (
    id bigint NOT NULL,
    quantity integer NOT NULL,
    book_id bigint NOT NULL,
    cart_id bigint NOT NULL,
    CONSTRAINT userapp_cartitem_quantity_check CHECK ((quantity >= 0))
);


ALTER TABLE public.userapp_cartitem OWNER TO postgres;

--
-- Name: userapp_cartitem_id_seq; Type: SEQUENCE; Schema: public; Owner: postgres
--

ALTER TABLE public.userapp_cartitem ALTER COLUMN id ADD GENERATED BY DEFAULT AS IDENTITY (
    SEQUENCE NAME public.userapp_cartitem_id_seq
    START WITH 1
    INCREMENT BY 1
    NO MINVALUE
    NO MAXVALUE
    CACHE 1
);


--
-- Name: userapp_order; Type: TABLE; Schema: public; Owner: postgres
--

CREATE TABLE public.userapp_order (
    id bigint NOT NULL,
    payment_method character varying(50) NOT NULL,
    order_date timestamp with time zone NOT NULL,
    total_amount numeric(10,2) NOT NULL,
    address_id bigint NOT NULL,
    user_id bigint NOT NULL
);


ALTER TABLE public.userapp_order OWNER TO postgres;

--
-- Name: userapp_order_id_seq; Type: SEQUENCE; Schema: public; Owner: postgres
--

ALTER TABLE public.userapp_order ALTER COLUMN id ADD GENERATED BY DEFAULT AS IDENTITY (
    SEQUENCE NAME public.userapp_order_id_seq
    START WITH 1
    INCREMENT BY 1
    NO MINVALUE
    NO MAXVALUE
    CACHE 1
);


--
-- Name: userapp_orderitem; Type: TABLE; Schema: public; Owner: postgres
--

CREATE TABLE public.userapp_orderitem (
    id bigint NOT NULL,
    quantity integer NOT NULL,
    book_id bigint NOT NULL,
    order_id bigint NOT NULL,
    order_status_id bigint NOT NULL,
    CONSTRAINT userapp_orderitem_quantity_check CHECK ((quantity >= 0))
);


ALTER TABLE public.userapp_orderitem OWNER TO postgres;

--
-- Name: userapp_orderitem_id_seq; Type: SEQUENCE; Schema: public; Owner: postgres
--

ALTER TABLE public.userapp_orderitem ALTER COLUMN id ADD GENERATED BY DEFAULT AS IDENTITY (
    SEQUENCE NAME public.userapp_orderitem_id_seq
    START WITH 1
    INCREMENT BY 1
    NO MINVALUE
    NO MAXVALUE
    CACHE 1
);


--
-- Name: userapp_other; Type: TABLE; Schema: public; Owner: postgres
--

CREATE TABLE public.userapp_other (
    id bigint NOT NULL,
    discount numeric(10,2) NOT NULL,
    user_id bigint NOT NULL
);


ALTER TABLE public.userapp_other OWNER TO postgres;

--
-- Name: userapp_other_id_seq; Type: SEQUENCE; Schema: public; Owner: postgres
--

ALTER TABLE public.userapp_other ALTER COLUMN id ADD GENERATED BY DEFAULT AS IDENTITY (
    SEQUENCE NAME public.userapp_other_id_seq
    START WITH 1
    INCREMENT BY 1
    NO MINVALUE
    NO MAXVALUE
    CACHE 1
);


--
-- Name: userapp_wallet; Type: TABLE; Schema: public; Owner: postgres
--

CREATE TABLE public.userapp_wallet (
    id bigint NOT NULL,
    balance numeric(10,2) NOT NULL,
    user_id bigint NOT NULL
);


ALTER TABLE public.userapp_wallet OWNER TO postgres;

--
-- Name: userapp_wallet_id_seq; Type: SEQUENCE; Schema: public; Owner: postgres
--

ALTER TABLE public.userapp_wallet ALTER COLUMN id ADD GENERATED BY DEFAULT AS IDENTITY (
    SEQUENCE NAME public.userapp_wallet_id_seq
    START WITH 1
    INCREMENT BY 1
    NO MINVALUE
    NO MAXVALUE
    CACHE 1
);


--
-- Data for Name: accounts_user_details; Type: TABLE DATA; Schema: public; Owner: postgres
--

COPY public.accounts_user_details (id, password, last_login, is_superuser, username, first_name, last_name, email, is_staff, is_active, date_joined, phone_number, is_verified) FROM stdin;
49	pbkdf2_sha256$600000$17wBH0kMv7CgNYEftpoMsO$wLtuyka1lG+yFLjkTUC8hZ715DzjVZtRQKn9DorO2U4=	2023-09-23 14:54:29.546368+05:30	f	manal			musthakeem555@gmail.com	f	t	2023-08-12 14:40:55.065862+05:30	+918593978298	t
48	pbkdf2_sha256$600000$REbJwlVxLNYrXz7MMF3gBA$BpzhtXfJYDM0yw3hvs5uKQDDBGeEU1n1lSxD3iVqxxk=	2023-09-29 20:23:40.488569+05:30	t	root				t	t	2023-08-04 15:14:24.750534+05:30		f
\.


--
-- Data for Name: accounts_user_details_groups; Type: TABLE DATA; Schema: public; Owner: postgres
--

COPY public.accounts_user_details_groups (id, user_details_id, group_id) FROM stdin;
\.


--
-- Data for Name: accounts_user_details_user_permissions; Type: TABLE DATA; Schema: public; Owner: postgres
--

COPY public.accounts_user_details_user_permissions (id, user_details_id, permission_id) FROM stdin;
\.


--
-- Data for Name: admin_side_book; Type: TABLE DATA; Schema: public; Owner: postgres
--

COPY public.admin_side_book (id, title, author, description, price, category_id, cover_image, featured, stock, back_image) FROM stdin;
8	Crime and Punishment (1866)	Fyodor Dostoevsky 	This novel is a masterful and completely captivating depiction of a man experiencing a profound mental unraveling. No amount of ethical bargaining on Raskolnikov’s part can free him from the parasitic guilt nested in his soul. A brilliant read if you loved Breaking Bad.	12.00	10	static/images/book_covers/crime_and.jpg	t	184	static/images/book_covers/crime_and_mJE1Bqy.jpg
5	Pride and Prejudice (1813)	Jane Austen	It is a truth universally acknowledged that when most people think of Jane Austen they think of this charming and humorous story of love, difficult families and the tricky task of finding a handsome husband with a good fortune.	20.00	11	static/images/book_covers/pride_and_prejudice_LjSP8y1.jpg	t	1	static/images/book_covers/crime_and_cK0rfSt.jpg
10	Dracula	Bram Stoker	Part of Penguin’s beautiful hardback Clothbound Classics series, designed by the award-winning Coralie Bickford-Smith, these delectable and collectible editions are bound in high-quality colourful, tactile cloth with foil stamped into the design When Jonathan Harker visits Transylvania to help Count Dracula with the purchase of a London house, he makes a series of horrific discoveries about his client. Soon afterwards, various bizarre incidents unfold in England: an apparently unmanned ship is wrecked off the coast of Whitby; a young woman discovers strange puncture marks on her neck; and the inmate of a lunatic asylum raves about the ‘Master’ and his imminent arrival.	65.00	10	static/images/book_covers/drakula_hseX5oV.jpg	t	65979	static/images/book_covers/markez_lnJQN28.jpg
\.


--
-- Data for Name: admin_side_category; Type: TABLE DATA; Schema: public; Owner: postgres
--

COPY public.admin_side_category (id, name) FROM stdin;
10	Nove
11	fiction
\.


--
-- Data for Name: admin_side_coupon; Type: TABLE DATA; Schema: public; Owner: postgres
--

COPY public.admin_side_coupon (id, coupon_code, description, minimum_amount, discount_type, discount, valid_from, valid_to, active) FROM stdin;
3	CD500	subaash subaaash	0	percentage	10.00	2023-08-30 10:58:00+05:30	2023-09-30 10:58:00+05:30	t
4	CD100	BJH	10	percentage	10.00	2023-09-06 13:57:00+05:30	2023-09-30 13:57:00+05:30	t
\.


--
-- Data for Name: admin_side_order_status; Type: TABLE DATA; Schema: public; Owner: postgres
--

COPY public.admin_side_order_status (id, order_status) FROM stdin;
1	Order Placed
2	Order Shipped
3	In transit
4	Out for delivery
5	Delivered
6	Cancelled
\.


--
-- Data for Name: auth_group; Type: TABLE DATA; Schema: public; Owner: postgres
--

COPY public.auth_group (id, name) FROM stdin;
\.


--
-- Data for Name: auth_group_permissions; Type: TABLE DATA; Schema: public; Owner: postgres
--

COPY public.auth_group_permissions (id, group_id, permission_id) FROM stdin;
\.


--
-- Data for Name: auth_permission; Type: TABLE DATA; Schema: public; Owner: postgres
--

COPY public.auth_permission (id, name, content_type_id, codename) FROM stdin;
1	Can add log entry	1	add_logentry
2	Can change log entry	1	change_logentry
3	Can delete log entry	1	delete_logentry
4	Can view log entry	1	view_logentry
5	Can add permission	2	add_permission
6	Can change permission	2	change_permission
7	Can delete permission	2	delete_permission
8	Can view permission	2	view_permission
9	Can add group	3	add_group
10	Can change group	3	change_group
11	Can delete group	3	delete_group
12	Can view group	3	view_group
13	Can add user	4	add_user
14	Can change user	4	change_user
15	Can delete user	4	delete_user
16	Can view user	4	view_user
17	Can add content type	5	add_contenttype
18	Can change content type	5	change_contenttype
19	Can delete content type	5	delete_contenttype
20	Can view content type	5	view_contenttype
21	Can add session	6	add_session
22	Can change session	6	change_session
23	Can delete session	6	delete_session
24	Can view session	6	view_session
25	Can add user	7	add_user_details
26	Can change user	7	change_user_details
27	Can delete user	7	delete_user_details
28	Can view user	7	view_user_details
29	Can add book	8	add_book
30	Can change book	8	change_book
31	Can delete book	8	delete_book
32	Can view book	8	view_book
33	Can add category	9	add_category
34	Can change category	9	change_category
35	Can delete category	9	delete_category
36	Can view category	9	view_category
37	Can add address	10	add_address
38	Can change address	10	change_address
39	Can delete address	10	delete_address
40	Can view address	10	view_address
41	Can add cart item	11	add_cartitem
42	Can change cart item	11	change_cartitem
43	Can delete cart item	11	delete_cartitem
44	Can view cart item	11	view_cartitem
45	Can add cart	12	add_cart
46	Can change cart	12	change_cart
47	Can delete cart	12	delete_cart
48	Can view cart	12	view_cart
49	Can add order item	13	add_orderitem
50	Can change order item	13	change_orderitem
51	Can delete order item	13	delete_orderitem
52	Can view order item	13	view_orderitem
53	Can add order	14	add_order
54	Can change order	14	change_order
55	Can delete order	14	delete_order
56	Can view order	14	view_order
57	Can add order_status	15	add_order_status
58	Can change order_status	15	change_order_status
59	Can delete order_status	15	delete_order_status
60	Can view order_status	15	view_order_status
61	Can add coupon	16	add_coupon
62	Can change coupon	16	change_coupon
63	Can delete coupon	16	delete_coupon
64	Can view coupon	16	view_coupon
65	Can add wallet	17	add_wallet
66	Can change wallet	17	change_wallet
67	Can delete wallet	17	delete_wallet
68	Can view wallet	17	view_wallet
69	Can add other	18	add_other
70	Can change other	18	change_other
71	Can delete other	18	delete_other
72	Can view other	18	view_other
\.


--
-- Data for Name: auth_user; Type: TABLE DATA; Schema: public; Owner: postgres
--

COPY public.auth_user (id, password, last_login, is_superuser, username, first_name, last_name, email, is_staff, is_active, date_joined) FROM stdin;
\.


--
-- Data for Name: auth_user_groups; Type: TABLE DATA; Schema: public; Owner: postgres
--

COPY public.auth_user_groups (id, user_id, group_id) FROM stdin;
\.


--
-- Data for Name: auth_user_user_permissions; Type: TABLE DATA; Schema: public; Owner: postgres
--

COPY public.auth_user_user_permissions (id, user_id, permission_id) FROM stdin;
\.


--
-- Data for Name: django_admin_log; Type: TABLE DATA; Schema: public; Owner: postgres
--

COPY public.django_admin_log (id, action_time, object_id, object_repr, action_flag, change_message, content_type_id, user_id) FROM stdin;
\.


--
-- Data for Name: django_content_type; Type: TABLE DATA; Schema: public; Owner: postgres
--

COPY public.django_content_type (id, app_label, model) FROM stdin;
1	admin	logentry
2	auth	permission
3	auth	group
4	auth	user
5	contenttypes	contenttype
6	sessions	session
7	accounts	user_details
8	admin_side	book
9	admin_side	category
10	userapp	address
11	userapp	cartitem
12	userapp	cart
13	userapp	orderitem
14	userapp	order
15	admin_side	order_status
16	admin_side	coupon
17	userapp	wallet
18	userapp	other
\.


--
-- Data for Name: django_migrations; Type: TABLE DATA; Schema: public; Owner: postgres
--

COPY public.django_migrations (id, app, name, applied) FROM stdin;
1	contenttypes	0001_initial	2023-07-20 19:17:57.477139+05:30
2	contenttypes	0002_remove_content_type_name	2023-07-20 19:17:57.501518+05:30
3	auth	0001_initial	2023-07-20 19:17:57.70038+05:30
4	auth	0002_alter_permission_name_max_length	2023-07-20 19:17:57.716803+05:30
5	auth	0003_alter_user_email_max_length	2023-07-20 19:17:57.733259+05:30
6	auth	0004_alter_user_username_opts	2023-07-20 19:17:57.757996+05:30
7	auth	0005_alter_user_last_login_null	2023-07-20 19:17:57.774443+05:30
8	auth	0006_require_contenttypes_0002	2023-07-20 19:17:57.782478+05:30
9	auth	0007_alter_validators_add_error_messages	2023-07-20 19:17:57.799086+05:30
10	auth	0008_alter_user_username_max_length	2023-07-20 19:17:57.823782+05:30
11	auth	0009_alter_user_last_name_max_length	2023-07-20 19:17:57.840031+05:30
12	auth	0010_alter_group_name_max_length	2023-07-20 19:17:57.856072+05:30
13	auth	0011_update_proxy_permissions	2023-07-20 19:17:57.872665+05:30
14	auth	0012_alter_user_first_name_max_length	2023-07-20 19:17:57.888961+05:30
15	accounts	0001_initial	2023-07-20 19:17:57.987681+05:30
16	admin	0001_initial	2023-07-20 19:17:58.036393+05:30
17	admin	0002_logentry_remove_auto_add	2023-07-20 19:17:58.053647+05:30
18	admin	0003_logentry_add_action_flag_choices	2023-07-20 19:17:58.069139+05:30
19	sessions	0001_initial	2023-07-20 19:17:58.101815+05:30
20	accounts	0002_rename_phone_user_details_phone_number	2023-07-21 10:14:25.257773+05:30
21	accounts	0003_alter_user_details_phone_number	2023-07-21 10:37:20.048968+05:30
22	accounts	0004_alter_user_details_email	2023-07-21 20:11:23.784465+05:30
23	accounts	0005_alter_user_details_username	2023-07-21 20:25:16.032676+05:30
24	accounts	0006_user_details_is_verified	2023-07-22 11:45:17.819263+05:30
25	accounts	0007_alter_user_details_managers	2023-07-22 13:15:07.691618+05:30
26	accounts	0002_alter_user_details_managers_and_more	2023-07-22 14:27:21.152795+05:30
27	accounts	0003_alter_user_details_username	2023-07-22 14:36:27.873651+05:30
28	accounts	0004_user_details_is_verified	2023-07-22 14:38:55.152192+05:30
29	accounts	0006_alter_user_details_username	2023-07-25 20:08:01.176636+05:30
30	accounts	0007_alter_user_details_username	2023-07-25 20:10:10.192247+05:30
31	admin_side	0001_initial	2023-07-29 09:56:59.357481+05:30
32	admin_side	0002_book_cover_image	2023-07-31 23:28:12.116359+05:30
33	admin_side	0003_book_featured_book_stock	2023-08-04 15:12:06.837274+05:30
34	userapp	0001_initial	2023-08-05 12:00:39.617394+05:30
35	userapp	0002_cart_cartitem	2023-08-07 12:25:31.31831+05:30
36	userapp	0003_order_orderitem	2023-08-11 15:32:29.696494+05:30
37	userapp	0004_order_order_status	2023-08-18 15:39:22.181234+05:30
38	userapp	0005_remove_order_order_status_cartitem_order_status	2023-08-19 17:13:47.658047+05:30
39	userapp	0006_orderitem_order_status	2023-08-19 17:15:03.015556+05:30
40	admin_side	0004_order_status_book_back_image	2023-08-21 10:58:59.471261+05:30
41	admin_side	0005_rename_name_order_status_order_status	2023-08-26 10:32:45.354455+05:30
42	admin_side	0006_alter_order_status_order_status	2023-08-26 10:32:45.427499+05:30
43	userapp	0007_remove_cartitem_order_status_and_more	2023-08-26 16:42:07.161369+05:30
44	userapp	0008_alter_orderitem_order_status	2023-08-26 16:42:07.258321+05:30
45	userapp	0009_alter_orderitem_order_status	2023-08-26 16:42:07.299203+05:30
46	admin_side	0007_coupon	2023-08-29 23:23:36.725911+05:30
47	userapp	0010_wallet	2023-09-02 18:04:43.394475+05:30
48	userapp	0011_other	2023-09-09 13:53:04.267912+05:30
49	userapp	0012_alter_other_discount	2023-09-09 14:04:24.46148+05:30
\.


--
-- Data for Name: django_session; Type: TABLE DATA; Schema: public; Owner: postgres
--

COPY public.django_session (session_key, session_data, expire_date) FROM stdin;
stkob4w9mce0uu5s5sahsgqo1rsdd7f8	.eJxVjMsOwiAQRf-FtSEM5dFx6d5vIDBMpWogKe3K-O_apAvd3nPOfYkQt7WErfMS5izOwqA4_Y4p0oPrTvI91luT1Oq6zEnuijxol9eW-Xk53L-DEnv51mSnkR14jhrNQBrQe9TWJwcpMsCISZHT5CajAdB4GhhU0oxqsAAg3h_ySjbj:1qbbdt:pox-sD3m0tIf6ASEXL6GDTBM2JIiwNk1Bf4THMdcYCw	2023-09-14 12:29:01.891503+05:30
ivvnzqsvzbwtgt403tsllpe7e2t6htzk	.eJxVjMsOwiAQRf-FtSEM5dFx6d5vIDBMpWogKe3K-O_apAvd3nPOfYkQt7WErfMS5izOwqA4_Y4p0oPrTvI91luT1Oq6zEnuijxol9eW-Xk53L-DEnv51mSnkR14jhrNQBrQe9TWJwcpMsCISZHT5CajAdB4GhhU0oxqsAAg3h_ySjbj:1qbbeL:cJ3WjftWb247VfE54kM6xI1g8JyF4Id-eXITYgRhGpQ	2023-09-14 12:29:29.027116+05:30
p3rt87lln4t38lmf42pc36m11ismmx2b	.eJxVjMsOwiAQRf-FtSEM5dFx6d5vIDBMpWogKe3K-O_apAvd3nPOfYkQt7WErfMS5izOwqA4_Y4p0oPrTvI91luT1Oq6zEnuijxol9eW-Xk53L-DEnv51mSnkR14jhrNQBrQe9TWJwcpMsCISZHT5CajAdB4GhhU0oxqsAAg3h_ySjbj:1qbbeq:f6iPeUQQiQlcCR9qWXitNDSu8zu0aE4Dct7TZWZafyo	2023-09-14 12:30:00.860749+05:30
uw5z5dq2vo9dcsrpn3wdiblazr2qpq2b	.eJxVjMsOwiAQRf-FtSEM5dFx6d5vIDBMpWogKe3K-O_apAvd3nPOfYkQt7WErfMS5izOwqA4_Y4p0oPrTvI91luT1Oq6zEnuijxol9eW-Xk53L-DEnv51mSnkR14jhrNQBrQe9TWJwcpMsCISZHT5CajAdB4GhhU0oxqsAAg3h_ySjbj:1qbbfR:2vwHiTzwdGCecmC8zVjdH3q_69Ei7iC2KoU8AgiZRck	2023-09-14 12:30:37.306866+05:30
m0x05ifhp98w2xysqt2jxqz5brlap8u0	.eJxVjEEOwiAQRe_C2hBomdJx6d4zkJkySNVAUtqV8e7apAvd_vfef6lA25rD1mQJc1Rn5UZ1-h2ZpoeUncQ7lVvVUy3rMrPeFX3Qpq81yvNyuH8HmVr-1pbEY6RpTISGfT9YAEcQIZlkncGOiRk6YxxiAs8y9GAsopAHSV2v3h8P8zfb:1qmEs8:i2RD4T8qTiHSC0Q68m0nnJwZ_anmEiTMx1UhFdGiWz4	2023-10-13 20:23:40.504946+05:30
6z7ioijrr8hug8m8ruoedhqz11suoi9r	.eJxVjMsOwiAQRf-FtSEM5dFx6d5vIDBMpWogKe3K-O_apAvd3nPOfYkQt7WErfMS5izOwqA4_Y4p0oPrTvI91luT1Oq6zEnuijxol9eW-Xk53L-DEnv51mSnkR14jhrNQBrQe9TWJwcpMsCISZHT5CajAdB4GhhU0oxqsAAg3h_ySjbj:1qbbi3:2lZxWHiWuoMJnpDSZ0x-KdSukXNzEa3ocm1yfGJ-aiM	2023-09-14 12:33:19.715913+05:30
l32asb20d720mse64phdrp6mte0nv0v4	.eJxVjEEOwiAQRe_C2hBomdJx6d4zkJkySNVAUtqV8e7apAvd_vfef6lA25rD1mQJc1Rn5UZ1-h2ZpoeUncQ7lVvVUy3rMrPeFX3Qpq81yvNyuH8HmVr-1pbEY6RpTISGfT9YAEcQIZlkncGOiRk6YxxiAs8y9GAsopAHSV2v3h8P8zfb:1qUl6G:3gdyYLcFtY4lLeqIDTMH9xl5nvgFelhCjrfSTnODAGA	2023-08-26 15:10:00.497217+05:30
o8juo72rgxxrdy9qb7n57ukvox78qa9t	.eJxVjMsOwiAQRf-FtSEM5dFx6d5vIDBMpWogKe3K-O_apAvd3nPOfYkQt7WErfMS5izOwqA4_Y4p0oPrTvI91luT1Oq6zEnuijxol9eW-Xk53L-DEnv51mSnkR14jhrNQBrQe9TWJwcpMsCISZHT5CajAdB4GhhU0oxqsAAg3h_ySjbj:1qbxQo:-kQLZIqqoAev-sdEzzFQ7UsmQgePOZKTJ_EsBp2-js0	2023-09-15 11:44:58.001383+05:30
qc40zk19v9anyeoly4ig3w81ki7z6kp4	.eJxVjMsOwiAQRf-FtSEM5dFx6d5vIDBMpWogKe3K-O_apAvd3nPOfYkQt7WErfMS5izOwqA4_Y4p0oPrTvI91luT1Oq6zEnuijxol9eW-Xk53L-DEnv51mSnkR14jhrNQBrQe9TWJwcpMsCISZHT5CajAdB4GhhU0oxqsAAg3h_ySjbj:1qc0L2:8iTB4iu-OHtstn-pKMUDmPeA_QlxstTLWX9ofpWPggU	2023-09-15 14:51:12.959116+05:30
iqgr5gc0b74berwqxx6s1wqbxuvo61hp	.eJxVjEEOwiAQRe_C2hAgDFCX7j0DGZhBqgaS0q6Md9cmXej2v_f-S0Tc1hq3wUucSZyFncTpd0yYH9x2Qndsty5zb-syJ7kr8qBDXjvx83K4fwcVR_3WijRMrqAuSQUNxegAgRWSA63ZZssOkX0xlsGXYEAREPvMJoekGMT7AwpuOGo:1qeUvq:ItNRYV0prJbaLieEDXCJFcKspDyYeL3S28rKe09Vp1g	2023-09-22 11:55:30.938218+05:30
4lonn0fyrrqfoegp2utyelklc2qz6xkk	.eJxVjEEOwiAQRe_C2hAoA526dO8ZyMAMtmpKUtqV8e7apAvd_vfef6lI2zrGrckSJ1ZnBUadfsdE-SHzTvhO863qXOd1mZLeFX3Qpq-V5Xk53L-Dkdr4rYPHkpA8dAMXsCZx8a63fbYopUMAT3awyIKGIYehCy6RdwKIDkIQ9f4A96Q3Xg:1qRCIk:KzS9nJc_AscHQueJKXeweJ1CQF-5vGL5TnlCd3RiXL8	2023-08-16 19:24:10.367916+05:30
m98b2pbgegep8tmzu32k3hv04kydyz9z	.eJxVjMsOwiAQRf-FtSEM5dFx6d5vIDBMpWogKe3K-O_apAvd3nPOfYkQt7WErfMS5izOwqA4_Y4p0oPrTvI91luT1Oq6zEnuijxol9eW-Xk53L-DEnv51mSnkR14jhrNQBrQe9TWJwcpMsCISZHT5CajAdB4GhhU0oxqsAAg3h_ySjbj:1qbbXz:xa8ACSpa-KcBS3oav-Tny2T-mEh5ZWl2E91qyuO2UH8	2023-09-14 12:22:55.293781+05:30
wywa6g89rebfsnx5z6xqlrl4m5loodnt	.eJxVjMsOwiAQRf-FtSEM5dFx6d5vIDBMpWogKe3K-O_apAvd3nPOfYkQt7WErfMS5izOwqA4_Y4p0oPrTvI91luT1Oq6zEnuijxol9eW-Xk53L-DEnv51mSnkR14jhrNQBrQe9TWJwcpMsCISZHT5CajAdB4GhhU0oxqsAAg3h_ySjbj:1qbbYH:UWPJmO4PnDjhwjoH3UhNpcSf1cbzuCoVzwLm8EfcbEw	2023-09-14 12:23:13.401349+05:30
bjf1erc3jiffk32ddcoknadb171vfntk	.eJxVjMsOwiAQRf-FtSEM5dFx6d5vIDBMpWogKe3K-O_apAvd3nPOfYkQt7WErfMS5izOwqA4_Y4p0oPrTvI91luT1Oq6zEnuijxol9eW-Xk53L-DEnv51mSnkR14jhrNQBrQe9TWJwcpMsCISZHT5CajAdB4GhhU0oxqsAAg3h_ySjbj:1qbbad:w-Z7hYXYAFmeU7cC_pRTQHr8pDDujsST-MU6ZbO8qAI	2023-09-14 12:25:39.363216+05:30
\.


--
-- Data for Name: userapp_address; Type: TABLE DATA; Schema: public; Owner: postgres
--

COPY public.userapp_address (id, street, city, state, postal_code, user_id) FROM stdin;
6	KILIYAMBRADATHIL HOUSE	Calicut	Kerala	673004	48
8	KILIYAMBRADATHIL HOUSE	KODUVALLY	Kerala	673572	48
7	KILIYAMBRADATHIL HOUSE	KODUVALLY	Kerala	673572	49
5	KILIYAMBRADATHIL HOUSE	Calicut	Kerala	673004	49
\.


--
-- Data for Name: userapp_cart; Type: TABLE DATA; Schema: public; Owner: postgres
--

COPY public.userapp_cart (id, user_id) FROM stdin;
2	49
3	48
\.


--
-- Data for Name: userapp_cartitem; Type: TABLE DATA; Schema: public; Owner: postgres
--

COPY public.userapp_cartitem (id, quantity, book_id, cart_id) FROM stdin;
57	1	5	3
56	4	8	3
58	3	10	2
59	1	5	2
\.


--
-- Data for Name: userapp_order; Type: TABLE DATA; Schema: public; Owner: postgres
--

COPY public.userapp_order (id, payment_method, order_date, total_amount, address_id, user_id) FROM stdin;
38	Cash on Delivery	2023-09-08 13:18:51.644919+05:30	20.00	7	49
39	Razor Pay	2023-09-08 13:23:07.885117+05:30	12.00	7	49
40	Cash on Delivery	2023-09-08 14:13:19.498879+05:30	65.00	7	49
41	Cash on Delivery	2023-09-08 22:37:41.626527+05:30	12.00	5	49
42	Cash on Delivery	2023-09-09 11:30:58.004001+05:30	20.00	5	49
43	Cash on Delivery	2023-09-09 11:33:12.535455+05:30	12.00	5	49
44	Razor Pay	2023-09-09 12:51:43.939961+05:30	12.00	5	49
45	Razor Pay	2023-09-09 12:55:30.064152+05:30	12.00	5	49
46	Razor Pay	2023-09-09 12:55:32.708873+05:30	12.00	5	49
47	Razor Pay	2023-09-09 12:59:28.076767+05:30	20.00	5	49
48	Razor Pay	2023-09-09 13:01:02.176274+05:30	20.00	5	49
49	Razor Pay	2023-09-09 13:03:17.882899+05:30	12.00	5	49
50	Razor Pay	2023-09-09 14:07:50.453177+05:30	10.80	5	49
51	Razor Pay	2023-09-09 14:22:02.047724+05:30	10.80	7	49
52	Razor Pay	2023-09-10 20:29:03.571042+05:30	12.00	5	49
53	Razor Pay	2023-09-11 17:19:42.580841+05:30	324.00	5	49
54	Razor Pay	2023-09-11 17:21:38.73422+05:30	36.00	7	49
55	Razor Pay	2023-09-11 20:18:36.572365+05:30	284.00	6	48
56	Razor Pay	2023-09-11 20:19:53.217295+05:30	12.00	8	48
57	Razor Pay	2023-09-21 20:43:33.309346+05:30	72.00	6	48
\.


--
-- Data for Name: userapp_orderitem; Type: TABLE DATA; Schema: public; Owner: postgres
--

COPY public.userapp_orderitem (id, quantity, book_id, order_id, order_status_id) FROM stdin;
36	1	5	38	1
37	1	8	39	1
38	1	10	40	1
39	1	8	41	1
40	1	5	42	1
41	1	8	43	1
42	1	8	44	1
43	1	5	47	1
44	1	8	49	1
45	1	8	50	1
46	1	8	51	1
47	1	8	52	1
48	18	5	53	1
49	2	5	54	5
50	2	8	55	1
51	4	10	55	1
52	1	8	56	1
53	1	5	57	1
\.


--
-- Data for Name: userapp_other; Type: TABLE DATA; Schema: public; Owner: postgres
--

COPY public.userapp_other (id, discount, user_id) FROM stdin;
3	0.00	49
\.


--
-- Data for Name: userapp_wallet; Type: TABLE DATA; Schema: public; Owner: postgres
--

COPY public.userapp_wallet (id, balance, user_id) FROM stdin;
1	197.00	49
\.


--
-- Name: accounts_user_details_groups_id_seq; Type: SEQUENCE SET; Schema: public; Owner: postgres
--

SELECT pg_catalog.setval('public.accounts_user_details_groups_id_seq', 1, false);


--
-- Name: accounts_user_details_id_seq; Type: SEQUENCE SET; Schema: public; Owner: postgres
--

SELECT pg_catalog.setval('public.accounts_user_details_id_seq', 49, true);


--
-- Name: accounts_user_details_user_permissions_id_seq; Type: SEQUENCE SET; Schema: public; Owner: postgres
--

SELECT pg_catalog.setval('public.accounts_user_details_user_permissions_id_seq', 1, false);


--
-- Name: admin_side_book_id_seq; Type: SEQUENCE SET; Schema: public; Owner: postgres
--

SELECT pg_catalog.setval('public.admin_side_book_id_seq', 10, true);


--
-- Name: admin_side_category_id_seq; Type: SEQUENCE SET; Schema: public; Owner: postgres
--

SELECT pg_catalog.setval('public.admin_side_category_id_seq', 11, true);


--
-- Name: admin_side_coupon_id_seq; Type: SEQUENCE SET; Schema: public; Owner: postgres
--

SELECT pg_catalog.setval('public.admin_side_coupon_id_seq', 4, true);


--
-- Name: admin_side_order_status_id_seq; Type: SEQUENCE SET; Schema: public; Owner: postgres
--

SELECT pg_catalog.setval('public.admin_side_order_status_id_seq', 6, true);


--
-- Name: auth_group_id_seq; Type: SEQUENCE SET; Schema: public; Owner: postgres
--

SELECT pg_catalog.setval('public.auth_group_id_seq', 1, false);


--
-- Name: auth_group_permissions_id_seq; Type: SEQUENCE SET; Schema: public; Owner: postgres
--

SELECT pg_catalog.setval('public.auth_group_permissions_id_seq', 1, false);


--
-- Name: auth_permission_id_seq; Type: SEQUENCE SET; Schema: public; Owner: postgres
--

SELECT pg_catalog.setval('public.auth_permission_id_seq', 72, true);


--
-- Name: auth_user_groups_id_seq; Type: SEQUENCE SET; Schema: public; Owner: postgres
--

SELECT pg_catalog.setval('public.auth_user_groups_id_seq', 1, false);


--
-- Name: auth_user_id_seq; Type: SEQUENCE SET; Schema: public; Owner: postgres
--

SELECT pg_catalog.setval('public.auth_user_id_seq', 1, true);


--
-- Name: auth_user_user_permissions_id_seq; Type: SEQUENCE SET; Schema: public; Owner: postgres
--

SELECT pg_catalog.setval('public.auth_user_user_permissions_id_seq', 1, false);


--
-- Name: django_admin_log_id_seq; Type: SEQUENCE SET; Schema: public; Owner: postgres
--

SELECT pg_catalog.setval('public.django_admin_log_id_seq', 2, true);


--
-- Name: django_content_type_id_seq; Type: SEQUENCE SET; Schema: public; Owner: postgres
--

SELECT pg_catalog.setval('public.django_content_type_id_seq', 18, true);


--
-- Name: django_migrations_id_seq; Type: SEQUENCE SET; Schema: public; Owner: postgres
--

SELECT pg_catalog.setval('public.django_migrations_id_seq', 49, true);


--
-- Name: userapp_address_id_seq; Type: SEQUENCE SET; Schema: public; Owner: postgres
--

SELECT pg_catalog.setval('public.userapp_address_id_seq', 12, true);


--
-- Name: userapp_cart_id_seq; Type: SEQUENCE SET; Schema: public; Owner: postgres
--

SELECT pg_catalog.setval('public.userapp_cart_id_seq', 3, true);


--
-- Name: userapp_cartitem_id_seq; Type: SEQUENCE SET; Schema: public; Owner: postgres
--

SELECT pg_catalog.setval('public.userapp_cartitem_id_seq', 59, true);


--
-- Name: userapp_order_id_seq; Type: SEQUENCE SET; Schema: public; Owner: postgres
--

SELECT pg_catalog.setval('public.userapp_order_id_seq', 57, true);


--
-- Name: userapp_orderitem_id_seq; Type: SEQUENCE SET; Schema: public; Owner: postgres
--

SELECT pg_catalog.setval('public.userapp_orderitem_id_seq', 53, true);


--
-- Name: userapp_other_id_seq; Type: SEQUENCE SET; Schema: public; Owner: postgres
--

SELECT pg_catalog.setval('public.userapp_other_id_seq', 3, true);


--
-- Name: userapp_wallet_id_seq; Type: SEQUENCE SET; Schema: public; Owner: postgres
--

SELECT pg_catalog.setval('public.userapp_wallet_id_seq', 1, true);


--
-- Name: accounts_user_details accounts_user_details_email_29a27d49_uniq; Type: CONSTRAINT; Schema: public; Owner: postgres
--

ALTER TABLE ONLY public.accounts_user_details
    ADD CONSTRAINT accounts_user_details_email_29a27d49_uniq UNIQUE (email);


--
-- Name: accounts_user_details_groups accounts_user_details_gr_user_details_id_group_id_2fe5ef10_uniq; Type: CONSTRAINT; Schema: public; Owner: postgres
--

ALTER TABLE ONLY public.accounts_user_details_groups
    ADD CONSTRAINT accounts_user_details_gr_user_details_id_group_id_2fe5ef10_uniq UNIQUE (user_details_id, group_id);


--
-- Name: accounts_user_details_groups accounts_user_details_groups_pkey; Type: CONSTRAINT; Schema: public; Owner: postgres
--

ALTER TABLE ONLY public.accounts_user_details_groups
    ADD CONSTRAINT accounts_user_details_groups_pkey PRIMARY KEY (id);


--
-- Name: accounts_user_details accounts_user_details_pkey; Type: CONSTRAINT; Schema: public; Owner: postgres
--

ALTER TABLE ONLY public.accounts_user_details
    ADD CONSTRAINT accounts_user_details_pkey PRIMARY KEY (id);


--
-- Name: accounts_user_details_user_permissions accounts_user_details_us_user_details_id_permissi_b6986bba_uniq; Type: CONSTRAINT; Schema: public; Owner: postgres
--

ALTER TABLE ONLY public.accounts_user_details_user_permissions
    ADD CONSTRAINT accounts_user_details_us_user_details_id_permissi_b6986bba_uniq UNIQUE (user_details_id, permission_id);


--
-- Name: accounts_user_details_user_permissions accounts_user_details_user_permissions_pkey; Type: CONSTRAINT; Schema: public; Owner: postgres
--

ALTER TABLE ONLY public.accounts_user_details_user_permissions
    ADD CONSTRAINT accounts_user_details_user_permissions_pkey PRIMARY KEY (id);


--
-- Name: admin_side_book admin_side_book_pkey; Type: CONSTRAINT; Schema: public; Owner: postgres
--

ALTER TABLE ONLY public.admin_side_book
    ADD CONSTRAINT admin_side_book_pkey PRIMARY KEY (id);


--
-- Name: admin_side_category admin_side_category_name_key; Type: CONSTRAINT; Schema: public; Owner: postgres
--

ALTER TABLE ONLY public.admin_side_category
    ADD CONSTRAINT admin_side_category_name_key UNIQUE (name);


--
-- Name: admin_side_category admin_side_category_pkey; Type: CONSTRAINT; Schema: public; Owner: postgres
--

ALTER TABLE ONLY public.admin_side_category
    ADD CONSTRAINT admin_side_category_pkey PRIMARY KEY (id);


--
-- Name: admin_side_coupon admin_side_coupon_coupon_code_key; Type: CONSTRAINT; Schema: public; Owner: postgres
--

ALTER TABLE ONLY public.admin_side_coupon
    ADD CONSTRAINT admin_side_coupon_coupon_code_key UNIQUE (coupon_code);


--
-- Name: admin_side_coupon admin_side_coupon_pkey; Type: CONSTRAINT; Schema: public; Owner: postgres
--

ALTER TABLE ONLY public.admin_side_coupon
    ADD CONSTRAINT admin_side_coupon_pkey PRIMARY KEY (id);


--
-- Name: admin_side_order_status admin_side_order_status_pkey; Type: CONSTRAINT; Schema: public; Owner: postgres
--

ALTER TABLE ONLY public.admin_side_order_status
    ADD CONSTRAINT admin_side_order_status_pkey PRIMARY KEY (id);


--
-- Name: auth_group auth_group_name_key; Type: CONSTRAINT; Schema: public; Owner: postgres
--

ALTER TABLE ONLY public.auth_group
    ADD CONSTRAINT auth_group_name_key UNIQUE (name);


--
-- Name: auth_group_permissions auth_group_permissions_group_id_permission_id_0cd325b0_uniq; Type: CONSTRAINT; Schema: public; Owner: postgres
--

ALTER TABLE ONLY public.auth_group_permissions
    ADD CONSTRAINT auth_group_permissions_group_id_permission_id_0cd325b0_uniq UNIQUE (group_id, permission_id);


--
-- Name: auth_group_permissions auth_group_permissions_pkey; Type: CONSTRAINT; Schema: public; Owner: postgres
--

ALTER TABLE ONLY public.auth_group_permissions
    ADD CONSTRAINT auth_group_permissions_pkey PRIMARY KEY (id);


--
-- Name: auth_group auth_group_pkey; Type: CONSTRAINT; Schema: public; Owner: postgres
--

ALTER TABLE ONLY public.auth_group
    ADD CONSTRAINT auth_group_pkey PRIMARY KEY (id);


--
-- Name: auth_permission auth_permission_content_type_id_codename_01ab375a_uniq; Type: CONSTRAINT; Schema: public; Owner: postgres
--

ALTER TABLE ONLY public.auth_permission
    ADD CONSTRAINT auth_permission_content_type_id_codename_01ab375a_uniq UNIQUE (content_type_id, codename);


--
-- Name: auth_permission auth_permission_pkey; Type: CONSTRAINT; Schema: public; Owner: postgres
--

ALTER TABLE ONLY public.auth_permission
    ADD CONSTRAINT auth_permission_pkey PRIMARY KEY (id);


--
-- Name: auth_user_groups auth_user_groups_pkey; Type: CONSTRAINT; Schema: public; Owner: postgres
--

ALTER TABLE ONLY public.auth_user_groups
    ADD CONSTRAINT auth_user_groups_pkey PRIMARY KEY (id);


--
-- Name: auth_user_groups auth_user_groups_user_id_group_id_94350c0c_uniq; Type: CONSTRAINT; Schema: public; Owner: postgres
--

ALTER TABLE ONLY public.auth_user_groups
    ADD CONSTRAINT auth_user_groups_user_id_group_id_94350c0c_uniq UNIQUE (user_id, group_id);


--
-- Name: auth_user auth_user_pkey; Type: CONSTRAINT; Schema: public; Owner: postgres
--

ALTER TABLE ONLY public.auth_user
    ADD CONSTRAINT auth_user_pkey PRIMARY KEY (id);


--
-- Name: auth_user_user_permissions auth_user_user_permissions_pkey; Type: CONSTRAINT; Schema: public; Owner: postgres
--

ALTER TABLE ONLY public.auth_user_user_permissions
    ADD CONSTRAINT auth_user_user_permissions_pkey PRIMARY KEY (id);


--
-- Name: auth_user_user_permissions auth_user_user_permissions_user_id_permission_id_14a6b632_uniq; Type: CONSTRAINT; Schema: public; Owner: postgres
--

ALTER TABLE ONLY public.auth_user_user_permissions
    ADD CONSTRAINT auth_user_user_permissions_user_id_permission_id_14a6b632_uniq UNIQUE (user_id, permission_id);


--
-- Name: auth_user auth_user_username_key; Type: CONSTRAINT; Schema: public; Owner: postgres
--

ALTER TABLE ONLY public.auth_user
    ADD CONSTRAINT auth_user_username_key UNIQUE (username);


--
-- Name: django_admin_log django_admin_log_pkey; Type: CONSTRAINT; Schema: public; Owner: postgres
--

ALTER TABLE ONLY public.django_admin_log
    ADD CONSTRAINT django_admin_log_pkey PRIMARY KEY (id);


--
-- Name: django_content_type django_content_type_app_label_model_76bd3d3b_uniq; Type: CONSTRAINT; Schema: public; Owner: postgres
--

ALTER TABLE ONLY public.django_content_type
    ADD CONSTRAINT django_content_type_app_label_model_76bd3d3b_uniq UNIQUE (app_label, model);


--
-- Name: django_content_type django_content_type_pkey; Type: CONSTRAINT; Schema: public; Owner: postgres
--

ALTER TABLE ONLY public.django_content_type
    ADD CONSTRAINT django_content_type_pkey PRIMARY KEY (id);


--
-- Name: django_migrations django_migrations_pkey; Type: CONSTRAINT; Schema: public; Owner: postgres
--

ALTER TABLE ONLY public.django_migrations
    ADD CONSTRAINT django_migrations_pkey PRIMARY KEY (id);


--
-- Name: django_session django_session_pkey; Type: CONSTRAINT; Schema: public; Owner: postgres
--

ALTER TABLE ONLY public.django_session
    ADD CONSTRAINT django_session_pkey PRIMARY KEY (session_key);


--
-- Name: userapp_address userapp_address_pkey; Type: CONSTRAINT; Schema: public; Owner: postgres
--

ALTER TABLE ONLY public.userapp_address
    ADD CONSTRAINT userapp_address_pkey PRIMARY KEY (id);


--
-- Name: userapp_cart userapp_cart_pkey; Type: CONSTRAINT; Schema: public; Owner: postgres
--

ALTER TABLE ONLY public.userapp_cart
    ADD CONSTRAINT userapp_cart_pkey PRIMARY KEY (id);


--
-- Name: userapp_cartitem userapp_cartitem_pkey; Type: CONSTRAINT; Schema: public; Owner: postgres
--

ALTER TABLE ONLY public.userapp_cartitem
    ADD CONSTRAINT userapp_cartitem_pkey PRIMARY KEY (id);


--
-- Name: userapp_order userapp_order_pkey; Type: CONSTRAINT; Schema: public; Owner: postgres
--

ALTER TABLE ONLY public.userapp_order
    ADD CONSTRAINT userapp_order_pkey PRIMARY KEY (id);


--
-- Name: userapp_orderitem userapp_orderitem_pkey; Type: CONSTRAINT; Schema: public; Owner: postgres
--

ALTER TABLE ONLY public.userapp_orderitem
    ADD CONSTRAINT userapp_orderitem_pkey PRIMARY KEY (id);


--
-- Name: userapp_other userapp_other_pkey; Type: CONSTRAINT; Schema: public; Owner: postgres
--

ALTER TABLE ONLY public.userapp_other
    ADD CONSTRAINT userapp_other_pkey PRIMARY KEY (id);


--
-- Name: userapp_wallet userapp_wallet_pkey; Type: CONSTRAINT; Schema: public; Owner: postgres
--

ALTER TABLE ONLY public.userapp_wallet
    ADD CONSTRAINT userapp_wallet_pkey PRIMARY KEY (id);


--
-- Name: accounts_user_details_email_29a27d49_like; Type: INDEX; Schema: public; Owner: postgres
--

CREATE INDEX accounts_user_details_email_29a27d49_like ON public.accounts_user_details USING btree (email varchar_pattern_ops);


--
-- Name: accounts_user_details_groups_group_id_919d42f9; Type: INDEX; Schema: public; Owner: postgres
--

CREATE INDEX accounts_user_details_groups_group_id_919d42f9 ON public.accounts_user_details_groups USING btree (group_id);


--
-- Name: accounts_user_details_groups_user_details_id_01912d93; Type: INDEX; Schema: public; Owner: postgres
--

CREATE INDEX accounts_user_details_groups_user_details_id_01912d93 ON public.accounts_user_details_groups USING btree (user_details_id);


--
-- Name: accounts_user_details_user_permissions_permission_id_e577784f; Type: INDEX; Schema: public; Owner: postgres
--

CREATE INDEX accounts_user_details_user_permissions_permission_id_e577784f ON public.accounts_user_details_user_permissions USING btree (permission_id);


--
-- Name: accounts_user_details_user_permissions_user_details_id_45a51fca; Type: INDEX; Schema: public; Owner: postgres
--

CREATE INDEX accounts_user_details_user_permissions_user_details_id_45a51fca ON public.accounts_user_details_user_permissions USING btree (user_details_id);


--
-- Name: admin_side_book_category_id_50e77395; Type: INDEX; Schema: public; Owner: postgres
--

CREATE INDEX admin_side_book_category_id_50e77395 ON public.admin_side_book USING btree (category_id);


--
-- Name: admin_side_category_name_a7dc0f08_like; Type: INDEX; Schema: public; Owner: postgres
--

CREATE INDEX admin_side_category_name_a7dc0f08_like ON public.admin_side_category USING btree (name varchar_pattern_ops);


--
-- Name: admin_side_coupon_coupon_code_e5895401_like; Type: INDEX; Schema: public; Owner: postgres
--

CREATE INDEX admin_side_coupon_coupon_code_e5895401_like ON public.admin_side_coupon USING btree (coupon_code varchar_pattern_ops);


--
-- Name: admin_side_order_status_name_68682eed_like; Type: INDEX; Schema: public; Owner: postgres
--

CREATE INDEX admin_side_order_status_name_68682eed_like ON public.admin_side_order_status USING btree (order_status varchar_pattern_ops);


--
-- Name: auth_group_name_a6ea08ec_like; Type: INDEX; Schema: public; Owner: postgres
--

CREATE INDEX auth_group_name_a6ea08ec_like ON public.auth_group USING btree (name varchar_pattern_ops);


--
-- Name: auth_group_permissions_group_id_b120cbf9; Type: INDEX; Schema: public; Owner: postgres
--

CREATE INDEX auth_group_permissions_group_id_b120cbf9 ON public.auth_group_permissions USING btree (group_id);


--
-- Name: auth_group_permissions_permission_id_84c5c92e; Type: INDEX; Schema: public; Owner: postgres
--

CREATE INDEX auth_group_permissions_permission_id_84c5c92e ON public.auth_group_permissions USING btree (permission_id);


--
-- Name: auth_permission_content_type_id_2f476e4b; Type: INDEX; Schema: public; Owner: postgres
--

CREATE INDEX auth_permission_content_type_id_2f476e4b ON public.auth_permission USING btree (content_type_id);


--
-- Name: auth_user_groups_group_id_97559544; Type: INDEX; Schema: public; Owner: postgres
--

CREATE INDEX auth_user_groups_group_id_97559544 ON public.auth_user_groups USING btree (group_id);


--
-- Name: auth_user_groups_user_id_6a12ed8b; Type: INDEX; Schema: public; Owner: postgres
--

CREATE INDEX auth_user_groups_user_id_6a12ed8b ON public.auth_user_groups USING btree (user_id);


--
-- Name: auth_user_user_permissions_permission_id_1fbb5f2c; Type: INDEX; Schema: public; Owner: postgres
--

CREATE INDEX auth_user_user_permissions_permission_id_1fbb5f2c ON public.auth_user_user_permissions USING btree (permission_id);


--
-- Name: auth_user_user_permissions_user_id_a95ead1b; Type: INDEX; Schema: public; Owner: postgres
--

CREATE INDEX auth_user_user_permissions_user_id_a95ead1b ON public.auth_user_user_permissions USING btree (user_id);


--
-- Name: auth_user_username_6821ab7c_like; Type: INDEX; Schema: public; Owner: postgres
--

CREATE INDEX auth_user_username_6821ab7c_like ON public.auth_user USING btree (username varchar_pattern_ops);


--
-- Name: django_admin_log_content_type_id_c4bce8eb; Type: INDEX; Schema: public; Owner: postgres
--

CREATE INDEX django_admin_log_content_type_id_c4bce8eb ON public.django_admin_log USING btree (content_type_id);


--
-- Name: django_admin_log_user_id_c564eba6; Type: INDEX; Schema: public; Owner: postgres
--

CREATE INDEX django_admin_log_user_id_c564eba6 ON public.django_admin_log USING btree (user_id);


--
-- Name: django_session_expire_date_a5c62663; Type: INDEX; Schema: public; Owner: postgres
--

CREATE INDEX django_session_expire_date_a5c62663 ON public.django_session USING btree (expire_date);


--
-- Name: django_session_session_key_c0390e0f_like; Type: INDEX; Schema: public; Owner: postgres
--

CREATE INDEX django_session_session_key_c0390e0f_like ON public.django_session USING btree (session_key varchar_pattern_ops);


--
-- Name: userapp_address_user_id_f22ee5f8; Type: INDEX; Schema: public; Owner: postgres
--

CREATE INDEX userapp_address_user_id_f22ee5f8 ON public.userapp_address USING btree (user_id);


--
-- Name: userapp_cart_user_id_988c96a9; Type: INDEX; Schema: public; Owner: postgres
--

CREATE INDEX userapp_cart_user_id_988c96a9 ON public.userapp_cart USING btree (user_id);


--
-- Name: userapp_cartitem_book_id_4a0c42aa; Type: INDEX; Schema: public; Owner: postgres
--

CREATE INDEX userapp_cartitem_book_id_4a0c42aa ON public.userapp_cartitem USING btree (book_id);


--
-- Name: userapp_cartitem_cart_id_c171610b; Type: INDEX; Schema: public; Owner: postgres
--

CREATE INDEX userapp_cartitem_cart_id_c171610b ON public.userapp_cartitem USING btree (cart_id);


--
-- Name: userapp_order_address_id_85e0d83b; Type: INDEX; Schema: public; Owner: postgres
--

CREATE INDEX userapp_order_address_id_85e0d83b ON public.userapp_order USING btree (address_id);


--
-- Name: userapp_order_user_id_edbfca11; Type: INDEX; Schema: public; Owner: postgres
--

CREATE INDEX userapp_order_user_id_edbfca11 ON public.userapp_order USING btree (user_id);


--
-- Name: userapp_orderitem_book_id_f8edea17; Type: INDEX; Schema: public; Owner: postgres
--

CREATE INDEX userapp_orderitem_book_id_f8edea17 ON public.userapp_orderitem USING btree (book_id);


--
-- Name: userapp_orderitem_order_id_54a57e96; Type: INDEX; Schema: public; Owner: postgres
--

CREATE INDEX userapp_orderitem_order_id_54a57e96 ON public.userapp_orderitem USING btree (order_id);


--
-- Name: userapp_orderitem_order_status_id_f67812a1; Type: INDEX; Schema: public; Owner: postgres
--

CREATE INDEX userapp_orderitem_order_status_id_f67812a1 ON public.userapp_orderitem USING btree (order_status_id);


--
-- Name: userapp_other_user_id_4335c140; Type: INDEX; Schema: public; Owner: postgres
--

CREATE INDEX userapp_other_user_id_4335c140 ON public.userapp_other USING btree (user_id);


--
-- Name: userapp_wallet_user_id_12bec97c; Type: INDEX; Schema: public; Owner: postgres
--

CREATE INDEX userapp_wallet_user_id_12bec97c ON public.userapp_wallet USING btree (user_id);


--
-- Name: accounts_user_details_user_permissions accounts_user_detail_permission_id_e577784f_fk_auth_perm; Type: FK CONSTRAINT; Schema: public; Owner: postgres
--

ALTER TABLE ONLY public.accounts_user_details_user_permissions
    ADD CONSTRAINT accounts_user_detail_permission_id_e577784f_fk_auth_perm FOREIGN KEY (permission_id) REFERENCES public.auth_permission(id) DEFERRABLE INITIALLY DEFERRED;


--
-- Name: accounts_user_details_groups accounts_user_detail_user_details_id_01912d93_fk_accounts_; Type: FK CONSTRAINT; Schema: public; Owner: postgres
--

ALTER TABLE ONLY public.accounts_user_details_groups
    ADD CONSTRAINT accounts_user_detail_user_details_id_01912d93_fk_accounts_ FOREIGN KEY (user_details_id) REFERENCES public.accounts_user_details(id) DEFERRABLE INITIALLY DEFERRED;


--
-- Name: accounts_user_details_user_permissions accounts_user_detail_user_details_id_45a51fca_fk_accounts_; Type: FK CONSTRAINT; Schema: public; Owner: postgres
--

ALTER TABLE ONLY public.accounts_user_details_user_permissions
    ADD CONSTRAINT accounts_user_detail_user_details_id_45a51fca_fk_accounts_ FOREIGN KEY (user_details_id) REFERENCES public.accounts_user_details(id) DEFERRABLE INITIALLY DEFERRED;


--
-- Name: accounts_user_details_groups accounts_user_details_groups_group_id_919d42f9_fk_auth_group_id; Type: FK CONSTRAINT; Schema: public; Owner: postgres
--

ALTER TABLE ONLY public.accounts_user_details_groups
    ADD CONSTRAINT accounts_user_details_groups_group_id_919d42f9_fk_auth_group_id FOREIGN KEY (group_id) REFERENCES public.auth_group(id) DEFERRABLE INITIALLY DEFERRED;


--
-- Name: admin_side_book admin_side_book_category_id_50e77395_fk_admin_side_category_id; Type: FK CONSTRAINT; Schema: public; Owner: postgres
--

ALTER TABLE ONLY public.admin_side_book
    ADD CONSTRAINT admin_side_book_category_id_50e77395_fk_admin_side_category_id FOREIGN KEY (category_id) REFERENCES public.admin_side_category(id) DEFERRABLE INITIALLY DEFERRED;


--
-- Name: auth_group_permissions auth_group_permissio_permission_id_84c5c92e_fk_auth_perm; Type: FK CONSTRAINT; Schema: public; Owner: postgres
--

ALTER TABLE ONLY public.auth_group_permissions
    ADD CONSTRAINT auth_group_permissio_permission_id_84c5c92e_fk_auth_perm FOREIGN KEY (permission_id) REFERENCES public.auth_permission(id) DEFERRABLE INITIALLY DEFERRED;


--
-- Name: auth_group_permissions auth_group_permissions_group_id_b120cbf9_fk_auth_group_id; Type: FK CONSTRAINT; Schema: public; Owner: postgres
--

ALTER TABLE ONLY public.auth_group_permissions
    ADD CONSTRAINT auth_group_permissions_group_id_b120cbf9_fk_auth_group_id FOREIGN KEY (group_id) REFERENCES public.auth_group(id) DEFERRABLE INITIALLY DEFERRED;


--
-- Name: auth_permission auth_permission_content_type_id_2f476e4b_fk_django_co; Type: FK CONSTRAINT; Schema: public; Owner: postgres
--

ALTER TABLE ONLY public.auth_permission
    ADD CONSTRAINT auth_permission_content_type_id_2f476e4b_fk_django_co FOREIGN KEY (content_type_id) REFERENCES public.django_content_type(id) DEFERRABLE INITIALLY DEFERRED;


--
-- Name: auth_user_groups auth_user_groups_group_id_97559544_fk_auth_group_id; Type: FK CONSTRAINT; Schema: public; Owner: postgres
--

ALTER TABLE ONLY public.auth_user_groups
    ADD CONSTRAINT auth_user_groups_group_id_97559544_fk_auth_group_id FOREIGN KEY (group_id) REFERENCES public.auth_group(id) DEFERRABLE INITIALLY DEFERRED;


--
-- Name: auth_user_groups auth_user_groups_user_id_6a12ed8b_fk_auth_user_id; Type: FK CONSTRAINT; Schema: public; Owner: postgres
--

ALTER TABLE ONLY public.auth_user_groups
    ADD CONSTRAINT auth_user_groups_user_id_6a12ed8b_fk_auth_user_id FOREIGN KEY (user_id) REFERENCES public.auth_user(id) DEFERRABLE INITIALLY DEFERRED;


--
-- Name: auth_user_user_permissions auth_user_user_permi_permission_id_1fbb5f2c_fk_auth_perm; Type: FK CONSTRAINT; Schema: public; Owner: postgres
--

ALTER TABLE ONLY public.auth_user_user_permissions
    ADD CONSTRAINT auth_user_user_permi_permission_id_1fbb5f2c_fk_auth_perm FOREIGN KEY (permission_id) REFERENCES public.auth_permission(id) DEFERRABLE INITIALLY DEFERRED;


--
-- Name: auth_user_user_permissions auth_user_user_permissions_user_id_a95ead1b_fk_auth_user_id; Type: FK CONSTRAINT; Schema: public; Owner: postgres
--

ALTER TABLE ONLY public.auth_user_user_permissions
    ADD CONSTRAINT auth_user_user_permissions_user_id_a95ead1b_fk_auth_user_id FOREIGN KEY (user_id) REFERENCES public.auth_user(id) DEFERRABLE INITIALLY DEFERRED;


--
-- Name: django_admin_log django_admin_log_content_type_id_c4bce8eb_fk_django_co; Type: FK CONSTRAINT; Schema: public; Owner: postgres
--

ALTER TABLE ONLY public.django_admin_log
    ADD CONSTRAINT django_admin_log_content_type_id_c4bce8eb_fk_django_co FOREIGN KEY (content_type_id) REFERENCES public.django_content_type(id) DEFERRABLE INITIALLY DEFERRED;


--
-- Name: django_admin_log django_admin_log_user_id_c564eba6_fk_auth_user_id; Type: FK CONSTRAINT; Schema: public; Owner: postgres
--

ALTER TABLE ONLY public.django_admin_log
    ADD CONSTRAINT django_admin_log_user_id_c564eba6_fk_auth_user_id FOREIGN KEY (user_id) REFERENCES public.auth_user(id) DEFERRABLE INITIALLY DEFERRED;


--
-- Name: userapp_address userapp_address_user_id_f22ee5f8_fk_accounts_user_details_id; Type: FK CONSTRAINT; Schema: public; Owner: postgres
--

ALTER TABLE ONLY public.userapp_address
    ADD CONSTRAINT userapp_address_user_id_f22ee5f8_fk_accounts_user_details_id FOREIGN KEY (user_id) REFERENCES public.accounts_user_details(id) DEFERRABLE INITIALLY DEFERRED;


--
-- Name: userapp_cart userapp_cart_user_id_988c96a9_fk_accounts_user_details_id; Type: FK CONSTRAINT; Schema: public; Owner: postgres
--

ALTER TABLE ONLY public.userapp_cart
    ADD CONSTRAINT userapp_cart_user_id_988c96a9_fk_accounts_user_details_id FOREIGN KEY (user_id) REFERENCES public.accounts_user_details(id) DEFERRABLE INITIALLY DEFERRED;


--
-- Name: userapp_cartitem userapp_cartitem_book_id_4a0c42aa_fk_admin_side_book_id; Type: FK CONSTRAINT; Schema: public; Owner: postgres
--

ALTER TABLE ONLY public.userapp_cartitem
    ADD CONSTRAINT userapp_cartitem_book_id_4a0c42aa_fk_admin_side_book_id FOREIGN KEY (book_id) REFERENCES public.admin_side_book(id) DEFERRABLE INITIALLY DEFERRED;


--
-- Name: userapp_cartitem userapp_cartitem_cart_id_c171610b_fk_userapp_cart_id; Type: FK CONSTRAINT; Schema: public; Owner: postgres
--

ALTER TABLE ONLY public.userapp_cartitem
    ADD CONSTRAINT userapp_cartitem_cart_id_c171610b_fk_userapp_cart_id FOREIGN KEY (cart_id) REFERENCES public.userapp_cart(id) DEFERRABLE INITIALLY DEFERRED;


--
-- Name: userapp_order userapp_order_address_id_85e0d83b_fk_userapp_address_id; Type: FK CONSTRAINT; Schema: public; Owner: postgres
--

ALTER TABLE ONLY public.userapp_order
    ADD CONSTRAINT userapp_order_address_id_85e0d83b_fk_userapp_address_id FOREIGN KEY (address_id) REFERENCES public.userapp_address(id) DEFERRABLE INITIALLY DEFERRED;


--
-- Name: userapp_order userapp_order_user_id_edbfca11_fk_accounts_user_details_id; Type: FK CONSTRAINT; Schema: public; Owner: postgres
--

ALTER TABLE ONLY public.userapp_order
    ADD CONSTRAINT userapp_order_user_id_edbfca11_fk_accounts_user_details_id FOREIGN KEY (user_id) REFERENCES public.accounts_user_details(id) DEFERRABLE INITIALLY DEFERRED;


--
-- Name: userapp_orderitem userapp_orderitem_book_id_f8edea17_fk_admin_side_book_id; Type: FK CONSTRAINT; Schema: public; Owner: postgres
--

ALTER TABLE ONLY public.userapp_orderitem
    ADD CONSTRAINT userapp_orderitem_book_id_f8edea17_fk_admin_side_book_id FOREIGN KEY (book_id) REFERENCES public.admin_side_book(id) DEFERRABLE INITIALLY DEFERRED;


--
-- Name: userapp_orderitem userapp_orderitem_order_id_54a57e96_fk_userapp_order_id; Type: FK CONSTRAINT; Schema: public; Owner: postgres
--

ALTER TABLE ONLY public.userapp_orderitem
    ADD CONSTRAINT userapp_orderitem_order_id_54a57e96_fk_userapp_order_id FOREIGN KEY (order_id) REFERENCES public.userapp_order(id) DEFERRABLE INITIALLY DEFERRED;


--
-- Name: userapp_orderitem userapp_orderitem_order_status_id_f67812a1_fk_admin_sid; Type: FK CONSTRAINT; Schema: public; Owner: postgres
--

ALTER TABLE ONLY public.userapp_orderitem
    ADD CONSTRAINT userapp_orderitem_order_status_id_f67812a1_fk_admin_sid FOREIGN KEY (order_status_id) REFERENCES public.admin_side_order_status(id) DEFERRABLE INITIALLY DEFERRED;


--
-- Name: userapp_other userapp_other_user_id_4335c140_fk_accounts_user_details_id; Type: FK CONSTRAINT; Schema: public; Owner: postgres
--

ALTER TABLE ONLY public.userapp_other
    ADD CONSTRAINT userapp_other_user_id_4335c140_fk_accounts_user_details_id FOREIGN KEY (user_id) REFERENCES public.accounts_user_details(id) DEFERRABLE INITIALLY DEFERRED;


--
-- Name: userapp_wallet userapp_wallet_user_id_12bec97c_fk_accounts_user_details_id; Type: FK CONSTRAINT; Schema: public; Owner: postgres
--

ALTER TABLE ONLY public.userapp_wallet
    ADD CONSTRAINT userapp_wallet_user_id_12bec97c_fk_accounts_user_details_id FOREIGN KEY (user_id) REFERENCES public.accounts_user_details(id) DEFERRABLE INITIALLY DEFERRED;


--
-- PostgreSQL database dump complete
--

